{
    "appsettings":{
        "activationcode":"012468",
        "emergencyemail":"towage@clarksons.com",
        "version":"1.5",
        "emergencynumber":"+442076455032"
    },
    "screens_order_and_visibility":[
                                    "contacts",
                                    "company",
                                    "rota",
                                    "publications_tugcircular",
                                    "publications_emergency_response_information",
                                    "about",
                                    "share_app_ios"
                                    ],
    "screens":{
        "contacts":{
            "screentype":"TABLE",
            "screenname":"Contacts",
            "tablesections":[
                             {
                             "tablesectiontitle":"Adrian Goodger",
                             "tablesectionrows":[
                                                 {
                                                 "rowtapaction":"IMAGE",
                                                 "rowlabel":"Image",
                                                 "rowvalue":"adrian_goodger.jpg"
                                                 },
                                                 {
                                                 "rowtapaction":"COPY",
                                                 "rowlabel":"Name",
                                                 "rowvalue":"Adrian Goodger"
                                                 },
                                                 {
                                                 "rowtapaction":"COPY",
                                                 "rowlabel":"Office",
                                                 "rowvalue":"London"
                                                 },
                                                 {
                                                 "rowtapaction":"EMAIL",
                                                 "rowlabel":"Email",
                                                 "rowvalue":"adrian.goodger@clarksons.com"
                                                 },
                                                 {
                                                 "rowtapaction":"PHONE",
                                                 "rowlabel":"Phone",
                                                 "rowvalue":"+442076455056"
                                                 }
                                                 ]
                             },
                             {
                             "tablesectiontitle":"Tom Chapman",
                             "tablesectionrows":[
                                                 {
                                                 "rowtapaction":"IMAGE",
                                                 "rowlabel":"Image",
                                                 "rowvalue":"tom_chapman.jpg"
                                                 },
                                                 {
                                                 "rowtapaction":"COPY",
                                                 "rowlabel":"Name",
                                                 "rowvalue":"Tom Chapman"
                                                 },
                                                 {
                                                 "rowtapaction":"COPY",
                                                 "rowlabel":"Office",
                                                 "rowvalue":"London"
                                                 },
                                                 {
                                                 "rowtapaction":"EMAIL",
                                                 "rowlabel":"Email",
                                                 "rowvalue":"tom.chapman@clarksons.com"
                                                 },
                                                 {
                                                 "rowtapaction":"PHONE",
                                                 "rowlabel":"Phone",
                                                 "rowvalue":"+442076455057"
                                                 }
                                                 ]
                             },
                             {
                             "tablesectiontitle":"Thomas Cunnell",
                             "tablesectionrows":[
                                                 {
                                                 "rowtapaction":"IMAGE",
                                                 "rowlabel":"Image",
                                                 "rowvalue":"tom_cunnell.jpg"
                                                 },
                                                 {
                                                 "rowtapaction":"COPY",
                                                 "rowlabel":"Name",
                                                 "rowvalue":"Thomas Cunnell"
                                                 },
                                                 {
                                                 "rowtapaction":"COPY",
                                                 "rowlabel":"Office",
                                                 "rowvalue":"London"
                                                 },
                                                 {
                                                 "rowtapaction":"EMAIL",
                                                 "rowlabel":"Email",
                                                 "rowvalue":"thomas.cunnell@clarksons.com"
                                                 },
                                                 {
                                                 "rowtapaction":"PHONE",
                                                 "rowlabel":"Phone",
                                                 "rowvalue":"+442076455020"
                                                 }
                                                 ]
                             },
                             {
                             "tablesectiontitle":"Shaun Frestle",
                             "tablesectionrows":[
                                                 {
                                                 "rowtapaction":"IMAGE",
                                                 "rowlabel":"Image",
                                                 "rowvalue":"shaun_frestle.jpg"
                                                 },
                                                 {
                                                 "rowtapaction":"COPY",
                                                 "rowlabel":"Name",
                                                 "rowvalue":"Shaun Frestle"
                                                 },
                                                 {
                                                 "rowtapaction":"COPY",
                                                 "rowlabel":"Office",
                                                 "rowvalue":"London"
                                                 },
                                                 {
                                                 "rowtapaction":"EMAIL",
                                                 "rowlabel":"Email",
                                                 "rowvalue":"shaun.frestle@clarksons.com"
                                                 },
                                                 {
                                                 "rowtapaction":"PHONE",
                                                 "rowlabel":"Phone",
                                                 "rowvalue":"+442073343480"
                                                 }
                                                 ]
                             },
                             {
                             "tablesectiontitle":"Keri Libretto",
                             "tablesectionrows":[
                                                 {
                                                 "rowtapaction":"IMAGE",
                                                 "rowlabel":"Image",
                                                 "rowvalue":"keri_libretto.jpg"
                                                 },
                                                 {
                                                 "rowtapaction":"COPY",
                                                 "rowlabel":"Name",
                                                 "rowvalue":"Keri Libretto"
                                                 },
                                                 {
                                                 "rowtapaction":"COPY",
                                                 "rowlabel":"Office",
                                                 "rowvalue":"London"
                                                 },
                                                 {
                                                 "rowtapaction":"EMAIL",
                                                 "rowlabel":"Email",
                                                 "rowvalue":"keri.libretto@clarksons.com"
                                                 },
                                                 {
                                                 "rowtapaction":"PHONE",
                                                 "rowlabel":"Phone",
                                                 "rowvalue":"+442073343118"
                                                 }
                                                 ]
                             }
                             ]
        },
        "company":{
            "screentype":"TABLE",
            "screenname":"Company",
            "tablesections":[
                             {
                             "tablesectiontitle":"Company",
                             "tablesectionrows":[
                                                 {
                                                 "rowtapaction":"COPY",
                                                 "rowlabel":"Name",
                                                 "rowvalue":"TOWAGE, SALVAGE & TRANSPORTATION"
                                                 }
                                                 ]
                             },
                             {
                             "tablesectiontitle":"Contact",
                             "tablesectionrows":[
                                                 {
                                                 "rowtapaction":"COPY",
                                                 "rowlabel":"Emergency SOS Number",
                                                 "rowvalue":"+442076455032"
                                                 },
                                                 {
                                                 "rowtapaction":"COPY",
                                                 "rowlabel":"Email",
                                                 "rowvalue":"transport@clarksons.com"
                                                 }
                                                 ]
                             },
                             {
                             "tablesectiontitle":"Address",
                             "tablesectionrows":[
                                                 {
                                                 "rowtapaction":"COPY",
                                                 "rowlabel":"Address",
                                                 "rowvalue":"Commodity Quay\rSt Katharine Docks\rLondon\rUnited Kingdom\rE1W 1BF"
                                                 }
                                                 ]
                             }
                             ]
        },
        "rota":{
            "screentype":"WEBPAGE",
            "screenname":"Weekly Duty Circular",
            "url":"/rota/WeeklyDutyCircular.pdf",
            "url_relative_to_config": true,
            "url_instructions":"url : should be all lowercase, no spaces in url and filename. Test url in real browser. url_relative_to_config: file is on same webserver as this config",
            "url_open_in_app_browser": true,
            "url_open_in_app_browser_instructions":"if true, open url in browser in the app else opened by ios e.g app store url"
        },
        "publications_tugcircular":{
            "screentype":"WEBPAGE",
            "screenname":"Monthly Tug Position Circular",
            "url":"/publications_pdfs/tugcircular.pdf",
            "url_relative_to_config": true,
            "url_instructions":"url : should be all lowercase, no spaces in url and filename. Test url in real browser. url_relative_to_config: file is on same webserver as this config",
            "url_open_in_app_browser": true,
            "url_open_in_app_browser_instructions":"if true, open url in browser in the app else opened by ios e.g app store url"
        },
        "publications_emergency_response_information":{
            "screentype":"WEBPAGE",
            "screenname":"Emergency Response Information",
            "url":"/publications_pdfs/emergency_response_information.pdf",
            "url_relative_to_config": true,
            "url_instructions":"url : should be all lowercase, no spaces in url and filename. Test url in real browser. url_relative_to_config: file is on same webserver as this config",
            "url_open_in_app_browser": true,
            "url_open_in_app_browser_instructions":"if true, open url in browser in the app else opened by ios e.g app store url"
        },
        "about":{
            "screentype":"WEBPAGE",
            "screenname":"About",
            "url":"http://www.clarksons.com/services/broking/towage,-salvage-transportation/",
            "url_relative_to_config": false,
            "url_instructions":"url : should be all lowercase, no spaces in url and filename. Test url in real browser. url_relative_to_config: n/a used for local pdfs",
            "url_open_in_app_browser": true,
            "url_open_in_app_browser_instructions":"if true, open url in browser in the app else opened by ios e.g app store url"
        },
        "share_app_ios":{
            "screentype":"SHARE_APP_VIA_EMAIL",
            "screenname":"Share App",
            "url":"https://itunes.apple.com/us/app/t-s-sos/id1313832384?ls=1&mt=8",
            "url_relative_to_config": false,
            "url_instructions":"url : app store links only work on the app store. url_relative_to_config: n/a used for for local pdfs",
            "url_open_in_app_browser": false,
            "url_open_in_app_browser_instructions":"if true, open url in browser in the app else opened by ios e.g app store url"
        }
    }
}
