{
    "appsettings":{
        "activationcode":"012468",
        "emergencyemail":"towage@clarksons.com",
        "version":"2.0.8",
        "emergencynumber":"+442076455032"
    }, 
    "screens_order_and_visibility":[
                                    "contacts",
                                    "company",
                                    "rota",
                                    "publications_tugcircular",
                                    "publications_emergency_response_information",
                                    "about",
                                    "tandc",
                                    "privacypolicy",
                                    "share_app"
                                    ],     
	"screens_order_and_visibility_android":[
                                    "contacts",
                                    "company",
                                    "rota",
                                    "publications_tugcircular",
                                    "publications_emergency_response_information",
                                    "about",
                                    "tandc",
                                    "privacypolicy",
                                    "share_app_android"
                                    ],          
    "screens":{
        "contacts":{
            "screentype":"TABLE",
            "screenname":"Contacts",
            "screendetail":"Clarksons Towage, Salvage and Transportation Team",
            "tablesections":[
                             {
                             "tablesectiontitle":"Adrian Goodger",
                             "tablesectionrows":[
                                                 {
                                                 "rowtapaction":"IMAGE",
                                                 "rowlabel":"Image",
                                                 "rowvalue":"adrian_goodger.jpg"
                                                 },
                                                 {
                                                 "rowtapaction":"COPY",
                                                 "rowlabel":"Name",
                                                 "rowvalue":"Adrian Goodger"
                                                 },
                                                 {
                                                 "rowtapaction":"COPY",
                                                 "rowlabel":"Office",
                                                 "rowvalue":"London"
                                                 },
                                                 {
                                                 "rowtapaction":"EMAIL",
                                                 "rowlabel":"Email",
                                                 "rowvalue":"adrian.goodger@clarksons.com"
                                                 },
                                                 {
                                                 "rowtapaction":"PHONE",
                                                 "rowlabel":"Mobile",
                                                 "rowvalue":"+447836598652"
                                                 }
                                                 ]
                             },
                             {
                             "tablesectiontitle":"Tom Chapman",
                             "tablesectionrows":[
                                                 {
                                                 "rowtapaction":"IMAGE",
                                                 "rowlabel":"Image",
                                                 "rowvalue":"tom_chapman.jpg"
                                                 },
                                                 {
                                                 "rowtapaction":"COPY",
                                                 "rowlabel":"Name",
                                                 "rowvalue":"Tom Chapman"
                                                 },
                                                 {
                                                 "rowtapaction":"COPY",
                                                 "rowlabel":"Office",
                                                 "rowvalue":"London"
                                                 },
                                                 {
                                                 "rowtapaction":"EMAIL",
                                                 "rowlabel":"Email",
                                                 "rowvalue":"tom.chapman@clarksons.com"
                                                 },
                                                 {
                                                 "rowtapaction":"PHONE",
                                                 "rowlabel":"Mobile",
                                                 "rowvalue":"+447802658010"
                                                 }
                                                 ]
                             },
                             {
                             "tablesectiontitle":"Thomas Cunnell",
                             "tablesectionrows":[
                                                 {
                                                 "rowtapaction":"IMAGE",
                                                 "rowlabel":"Image",
                                                 "rowvalue":"tom_cunnell.jpg"
                                                 },
                                                 {
                                                 "rowtapaction":"COPY",
                                                 "rowlabel":"Name",
                                                 "rowvalue":"Thomas Cunnell"
                                                 },
                                                 {
                                                 "rowtapaction":"COPY",
                                                 "rowlabel":"Office",
                                                 "rowvalue":"London"
                                                 },
                                                 {
                                                 "rowtapaction":"EMAIL",
                                                 "rowlabel":"Email",
                                                 "rowvalue":"thomas.cunnell@clarksons.com"
                                                 },
                                                 {
                                                 "rowtapaction":"PHONE",
                                                 "rowlabel":"Mobile",
                                                 "rowvalue":" "
                                                 }
                                                 ]
                             },
                             {
                             "tablesectiontitle":"Shaun Frestle",
                             "tablesectionrows":[
                                                 {
                                                 "rowtapaction":"IMAGE",
                                                 "rowlabel":"Image",
                                                 "rowvalue":"shaun_frestle.jpg"
                                                 },
                                                 {
                                                 "rowtapaction":"COPY",
                                                 "rowlabel":"Name",
                                                 "rowvalue":"Shaun Frestle"
                                                 },
                                                 {
                                                 "rowtapaction":"COPY",
                                                 "rowlabel":"Office",
                                                 "rowvalue":"London"
                                                 },
                                                 {
                                                 "rowtapaction":"EMAIL",
                                                 "rowlabel":"Email",
                                                 "rowvalue":"shaun.frestle@clarksons.com"
                                                 },
                                                 {
                                                 "rowtapaction":"PHONE",
                                                 "rowlabel":"Mobile",
                                                 "rowvalue":"+447836552666"
                                                 }
                                                 ]
                             },
                             {
                             "tablesectiontitle":"Keri Libretto",
                             "tablesectionrows":[
                                                 {
                                                 "rowtapaction":"IMAGE",
                                                 "rowlabel":"Image",
                                                 "rowvalue":"keri_libretto.jpg"
                                                 },
                                                 {
                                                 "rowtapaction":"COPY",
                                                 "rowlabel":"Name",
                                                 "rowvalue":"Keri Libretto"
                                                 },
                                                 {
                                                 "rowtapaction":"COPY",
                                                 "rowlabel":"Office",
                                                 "rowvalue":"London"
                                                 },
                                                 {
                                                 "rowtapaction":"EMAIL",
                                                 "rowlabel":"Email",
                                                 "rowvalue":"keri.libretto@clarksons.com"
                                                 },
                                                 {
                                                 "rowtapaction":"PHONE",
                                                 "rowlabel":"Mobile",
                                                 "rowvalue":"+447831612571"
                                                 }
                                                 ]
                             }
                             ]
        },
        "company":{
            "screentype":"TABLE",
            "screenname":"Company",
            "screendetail":"Clarksons Limited Contact Details",
            "tablesections":[
                             {
                             "tablesectiontitle":"Company",
                             "tablesectionrows":[
                                                 {
                                                 "rowtapaction":"COPY",
                                                 "rowlabel":"Name",
                                                 "rowvalue":"TOWAGE, SALVAGE & TRANSPORTATION"
                                                 }
                                                 ]
                             },
                             {
                             "tablesectiontitle":"Contact",
                             "tablesectionrows":[
                                                 {
                                                 "rowtapaction":"PHONE",
                                                 "rowlabel":"Emergency SOS Number",
                                                 "rowvalue":"+442076455032"
                                                 },
                                                 {
                                                 "rowtapaction":"EMAIL",
                                                 "rowlabel":"Email",
                                                 "rowvalue":"towage@clarksons.com"
                                                 }
                                                 ]
                             },
                             {
                             "tablesectiontitle":"Address",
                             "tablesectionrows":[
                                                 {
                                                 "rowtapaction":"COPY",
                                                 "rowlabel":"Address",
                                                 "rowvalue":"Commodity Quay\nSt Katharine Docks\nLondon\nUnited Kingdom\nE1W 1BF"
                                                 }
                                                 ]
                             }
                             ]
        },
        "rota":{
            "screentype":"WEBPAGE",
            "screenname":"This Week’s Position Report",
            "screendetail":"Up-to-date list of available vessels and 24/7 on-call rota",
            "url":"/rota/WeeklyDutyCircular.pdf",
            "url_relative_to_config": true,
            "url_instructions":"url : should be all lowercase, no spaces in url and filename. Test url in real browser. url_relative_to_config: file is on same webserver as this config",
            "url_open_in_app_browser": true,
            "url_open_in_app_browser_instructions":"if true, open url in browser in the app else opened by ios e.g app store url"
        },
        "publications_tugcircular":{
            "screentype":"WEBPAGE",
            "screenname":"Monthly Tug Position Circular",
            "screendetail":"Read our monthly publication from Clarkson Towage, Salvage and Transportation",
            "url":"/publications_pdfs/tugcircular.pdf",
            "url_relative_to_config": true,
            "url_instructions":"url : should be all lowercase, no spaces in url and filename. Test url in real browser. url_relative_to_config: file is on same webserver as this config",
            "url_open_in_app_browser": true,
            "url_open_in_app_browser_instructions":"if true, open url in browser in the app else opened by ios e.g app store url"
        },
        "publications_emergency_response_information":{
            "screentype":"WEBPAGE",
            "screenname":"Emergency Response Information",
            "screendetail":"Checklist of emergency info we require to help us respond quickly",
            "url":"/publications_pdfs/emergency_response_information.pdf",
            "url_relative_to_config": true,
            "url_instructions":"url : should be all lowercase, no spaces in url and filename. Test url in real browser. url_relative_to_config: file is on same webserver as this config",
            "url_open_in_app_browser": true,
            "url_open_in_app_browser_instructions":"if true, open url in browser in the app else opened by ios e.g app store url"
        },
        "about":{
            "screentype":"WEBPAGE",
            "screenname":"About Clarksons",
            "screendetail":"Read more about us at clarksons.com",
            "url":"http://www.clarksons.com/services/broking/towage,-salvage-transportation/",
            "url_relative_to_config": false,
            "url_instructions":"url : should be all lowercase, no spaces in url and filename. Test url in real browser. url_relative_to_config: n/a used for local pdfs",
            "url_open_in_app_browser": true,
            "url_open_in_app_browser_instructions":"if true, open url in browser in the app else opened by ios e.g app store url"
        },
        "tandc":{
            "screentype":"WEBPAGE",
            "screenname":"Terms of Use",
            "screendetail":"View the apps terms of use",
            "url_ios":"/tandc/tandc_ios.pdf",
            "url_android":"/tandc/tandc_android.pdf",
            "url_relative_to_config": true,
            "url_instructions":"url : should be all lowercase, no spaces in url and filename. Test url in real browser. url_relative_to_config: file is on same webserver as this config",
            "url_open_in_app_browser": true,
            "url_open_in_app_browser_instructions":"if true, open url in browser in the app else opened by ios e.g app store url"
        },
        "privacypolicy":{
            "screentype":"WEBPAGE",
            "screenname":"Privacy Policy",
            "screendetail":"View the apps privacy information.",
            "url":"/tandc/privacypolicy.pdf",
            "url_relative_to_config": true,
            "url_instructions":"url : should be all lowercase, no spaces in url and filename. Test url in real browser. url_relative_to_config: n/a used for local pdfs",
            "url_open_in_app_browser": true,
            "url_open_in_app_browser_instructions":"if true, open url in browser in the app else opened by ios e.g app store url"
        },
         "share_app":{
            "screentype":"WEBPAGE",
            "screenname":"Share App",
            "screendetail":"View the apps privacy information.",
            "url":"/share/index.html",
            "url_relative_to_config": true,
            "url_instructions":"url : should be all lowercase, no spaces in url and filename. Test url in real browser. url_relative_to_config: n/a used for local pdfs",
            "url_open_in_app_browser": true,
            "url_open_in_app_browser_instructions":"if true, open url in browser in the app else opened by ios e.g app store url"
        },
        "share_app_android":{
            "screentype":"SHARE_APP_VIA_EMAIL",
            "screenname":"Share App",
            "screendetail":"Email download instructions for the app to other users.",
            "email_text":"<br /><b>Clarksons T&S SOS</b> (Towage and Salvage)<br /><br /><b>Download Instructions</b><br /><br />Simply open this email on your device <b>(and not your PC)</b><br />then click on the link below for their device<br />and it will automatically open the app in the app store.<br /><br />Once in the app store follow the instructions to install the app for free.<br /><br />Here are links to install the app:<br /><br />App Store<br /><br /><a href=\"https://itunes.apple.com/gb/app/t-s-sos/id1337034415?mt=8\">https://itunes.apple.com/gb/app/t-s-sos/id1337034415?mt=8</a><br /><br />Play Store<br /><a href=\"https://play.google.com/store/apps/details?id=com.clarksons.tnssos\">https://play.google.com/store/apps/details?id=com.clarksons.tnssos</a><br /><br />You will require an activation pin to use the app.<br />To request a pin or for any other problems please don't hesitated to contact us at:<br /><a href=\"mailto://towage@clarksons.com\">towage@clarksons.com</a><br /><br /><br />Regards<br /><br />Clarksons Towage, Salvage & Transportation<br /><br />Offshore | H Clarkson & Company Limited<br />T: +44 20 7645 5032<br />Group Email: towage@clarksons.com<br /><br />Clarksons Platou Offshore<br />Commodity Quay| St. Katharine Docks | London | E1W 1BF | United Kingdom<br />www.clarksons.com<br />",
            "url_ios":"https://itunes.apple.com/gb/app/t-s-sos/id1337034415?mt=8",
            "url_android":"https://play.google.com/store/apps/details?id=com.clarksons.tnssos",
            "url_relative_to_config": false,
            "url_instructions":"url : had to move into config apple passed v1 of app then rejected minor update. So to move email to config asap before launch",
            "url_open_in_app_browser": false,
            "url_open_in_app_browser_instructions":"if true, open url in browser in the app else opened by ios e.g app store url"
        }
    }
}
